4659,0,0,0,0,0,0,0,0
0,0,0,0,0,0,0,0,0
1,0,0,0,0,0,0,0,0
1,0,0,0,0,0,0,0,0
1,0,0,0,0,0,0,0,0
1,0,0,0,0,0,0,0,0
2,0,0,0,0,0,0,0,0
2,0,0,0,0,0,0,0,0
2,0,0,0,0,0,0,0,0
2,0,0,0,0,0,0,0,0
3,0,0,0,0,0,0,0,0
3,0,0,0,0,0,0,0,0
3,0,0,0,0,0,0,0,0
3,0,0,0,0,0,0,0,0
5,0,0,0,0,0,0,0,0
11,0,0,0,0,0,0,0,0
17,0,0,0,0,0,0,0,0
23,0,0,0,0,0,0,0,0
30,0,0,0,0,0,0,0,0
36,0,0,0,0,0,0,0,0
42,0,0,0,0,0,0,0,0
48,0,0,0,0,0,0,0,0
54,0,0,0,0,0,0,0,0
60,0,0,0,0,0,0,0,0
66,0,0,0,0,0,0,0,0
74,0,0,0,0,0,0,0,0
80,0,0,0,0,0,0,0,0
86,0,0,0,0,0,0,0,0
92,0,0,0,0,0,0,0,0
98,0,0,0,0,0,0,0,0
104,0,0,0,0,0,0,0,0
111,0,0,0,0,0,0,0,0
119,0,0,0,0,0,0,0,0
126,0,0,0,0,0,0,0,0
133,0,0,0,0,0,0,0,0
141,0,0,0,0,0,0,0,0
148,0,0,0,0,0,0,0,0
156,0,0,0,0,0,0,0,0
163,0,0,0,0,0,0,0,0
170,0,0,0,0,0,0,0,0
177,0,0,0,0,0,0,0,0
184,0,0,0,0,0,0,0,0
191,0,0,0,0,0,0,0,0
199,0,0,0,0,0,0,0,0
207,0,0,0,0,0,0,0,0
214,0,0,0,0,0,0,0,0
221,0,0,0,0,0,0,0,0
228,0,0,0,0,0,0,0,0
235,0,0,0,0,0,0,0,0
243,0,0,0,0,0,0,0,0
250,0,0,0,0,0,0,0,0
257,0,0,0,0,0,0,0,0
264,0,0,0,0,0,0,0,0
271,0,0,0,0,0,0,0,0
279,0,0,0,0,0,0,0,0
287,0,0,0,0,0,0,0,0
294,0,0,0,0,0,0,0,0
301,0,0,0,0,0,0,0,0
308,0,0,0,0,0,0,0,0
315,0,0,0,0,0,0,0,0
322,0,0,0,0,0,0,0,0
330,0,0,0,0,0,0,0,0
337,0,0,0,0,0,0,0,0
345,0,0,0,0,0,0,0,0
352,0,0,0,0,0,0,0,0
359,0,0,0,0,0,0,0,0
366,0,0,0,0,0,0,0,0
374,0,0,0,0,0,0,0,0
381,0,0,0,0,0,0,0,0
388,0,0,0,0,0,0,0,0
395,0,0,0,0,0,0,0,0
402,0,0,0,0,0,0,0,0
410,0,0,0,0,0,0,0,0
418,0,0,0,0,0,0,0,0
425,0,0,0,0,0,0,0,0
432,0,0,0,0,0,0,0,0
439,0,0,0,0,0,0,0,0
446,0,0,0,0,0,0,0,0
453,0,0,0,0,0,0,0,0
461,0,0,0,0,0,0,0,0
468,0,0,0,0,0,0,0,0
476,0,0,0,0,0,0,0,0
483,0,0,0,0,0,0,0,0
490,0,0,0,0,0,0,0,0
498,0,0,0,0,0,0,0,0
505,0,0,0,0,0,0,0,0
512,0,0,0,0,0,0,0,0
519,0,0,0,0,0,0,0,0
526,0,0,0,0,0,0,0,0
533,0,0,0,0,0,0,0,0
542,0,0,0,0,0,0,0,0
549,0,0,0,0,0,0,0,0
556,0,0,0,0,0,0,0,0
563,0,0,0,0,0,0,0,0
570,0,0,0,0,0,0,0,0
577,0,0,0,0,0,0,0,0
585,0,0,0,0,0,0,0,0
592,0,0,0,0,0,0,0,0
599,0,0,0,0,0,0,0,0
607,0,0,0,0,0,0,0,0
614,0,0,0,0,0,0,0,0
621,0,0,0,0,0,0,0,0
629,0,0,0,0,0,0,0,0
636,0,0,0,0,0,0,0,0
643,0,0,0,0,0,0,0,0
650,0,0,0,0,0,0,0,0
657,0,0,0,0,0,0,0,0
664,0,0,0,0,0,0,0,0
673,0,0,0,0,0,0,0,0
680,0,0,0,0,0,0,0,0
687,0,0,0,0,0,0,0,0
694,0,0,0,0,0,0,0,0
701,0,0,0,0,0,0,0,0
708,0,0,0,0,0,0,0,0
716,0,0,0,0,0,0,0,0
723,0,0,0,0,0,0,0,0
730,0,0,0,0,0,0,0,0
737,0,0,0,0,0,0,0,0
745,0,0,0,0,0,0,0,0
753,0,0,0,0,0,0,0,0
760,0,0,0,0,0,0,0,0
767,0,0,0,0,0,0,0,0
774,0,0,0,0,0,0,0,0
781,0,0,0,0,0,0,0,0
788,0,0,0,0,0,0,0,0
796,0,0,0,0,0,0,0,0
803,0,0,0,0,0,0,0,0
811,0,0,0,0,0,0,0,0
818,0,0,0,0,0,0,0,0
825,0,0,0,0,0,0,0,0
832,0,0,0,0,0,0,0,0
840,0,0,0,0,0,0,0,0
847,0,0,0,0,0,0,0,0
854,0,0,0,0,0,0,0,0
861,0,0,0,0,0,0,0,0
868,0,0,0,0,0,0,0,0
876,0,0,0,0,0,0,0,0
884,0,0,0,0,0,0,0,0
891,0,0,0,0,0,0,0,0
898,0,0,0,0,0,0,0,0
905,0,0,0,0,0,0,0,0
912,0,0,0,0,0,0,0,0
919,0,0,0,0,0,0,0,0
927,0,0,0,0,0,0,0,0
934,0,0,0,0,0,0,0,0
942,0,0,0,0,0,0,0,0
949,0,0,0,0,0,0,0,0
956,0,0,0,0,0,0,0,0
963,0,0,0,0,0,0,0,0
971,0,0,0,0,0,0,0,0
978,0,0,0,0,0,0,0,0
985,0,0,0,0,0,0,0,0
992,0,0,0,0,0,0,0,0
999,0,0,0,0,0,0,0,0
1007,0,0,0,0,0,0,0,0
1016,0,0,0,0,0,0,0,0
1024,0,0,0,0,0,0,0,0
1032,0,0,0,0,0,0,0,0
1040,0,0,0,0,0,0,0,0
1048,0,0,0,0,0,0,0,0
1057,0,0,0,0,0,0,0,0
1065,0,0,0,0,0,0,0,0
1074,0,0,0,0,0,0,0,0
1082,0,0,0,0,0,0,0,0
1090,0,0,0,0,0,0,0,0
1099,0,0,0,0,0,0,0,0
1107,0,0,0,0,0,0,0,0
1115,0,0,0,0,0,0,0,0
1123,0,0,0,0,0,0,0,0
1131,0,0,0,0,0,0,0,0
1141,0,0,0,0,0,0,0,0
1149,0,0,0,0,0,0,0,0
1157,0,0,0,0,0,0,0,0
1165,0,0,0,0,0,0,0,0
1173,0,0,0,0,0,0,0,0
1182,0,0,0,0,0,0,0,0
1190,0,0,0,0,0,0,0,0
1198,0,0,0,0,0,0,0,0
1207,0,0,0,0,0,0,0,0
1215,0,0,0,0,0,0,0,0
1224,0,0,0,0,0,0,0,0
1232,0,0,0,0,0,0,0,0
1240,0,0,0,0,0,0,0,0
1248,0,0,0,0,0,0,0,0
1256,0,0,0,0,0,0,0,0
1265,0,0,0,0,0,0,0,0
1274,0,0,0,0,0,0,0,0
1282,0,0,0,0,0,0,0,0
1290,0,0,0,0,0,0,0,0
1298,0,0,0,0,0,0,0,0
1306,0,0,0,0,0,0,0,0
1315,0,0,0,0,0,0,0,0
1323,0,0,0,0,0,0,0,0
1331,0,0,0,0,0,0,0,0
1340,0,0,0,0,0,0,0,0
1348,0,0,0,0,0,0,0,0
1357,0,0,0,0,0,0,0,0
1365,0,0,0,0,0,0,0,0
1373,0,0,0,0,0,0,0,0
1381,0,0,0,0,0,0,0,0
1389,0,0,0,0,0,0,0,0
1398,0,0,0,0,0,0,0,0
1407,0,0,0,0,0,0,0,0
1415,0,0,0,0,0,0,0,0
1423,0,0,0,0,0,0,0,0
1431,0,0,0,0,0,0,0,0
1440,0,0,0,0,0,0,0,0
1448,0,0,0,0,0,0,0,0
1456,0,0,0,0,0,0,0,0
1464,0,0,0,0,0,0,0,0
1473,0,0,0,0,0,0,0,0
1482,0,0,0,0,0,0,0,0
1490,0,0,0,0,0,0,0,0
1498,0,0,0,0,0,0,0,0
1506,0,0,0,0,0,0,0,0
1514,0,0,0,0,0,0,0,0
1523,0,0,0,0,0,0,0,0
1531,0,0,0,0,0,0,0,0
1540,0,0,0,0,0,0,0,0
1548,0,0,0,0,0,0,0,0
1556,0,0,0,0,0,0,0,0
1565,0,0,0,0,0,0,0,0
1573,0,0,0,0,0,0,0,0
1581,0,0,0,0,0,0,0,0
1589,0,0,0,0,0,0,0,0
1597,0,0,0,0,0,0,0,0
1607,0,0,0,0,0,0,0,0
1615,0,0,0,0,0,0,0,0
1623,0,0,0,0,0,0,0,0
1631,0,0,0,0,0,0,0,0
1639,0,0,0,0,0,0,0,0
1647,0,0,0,0,0,0,0,0
1656,0,0,0,0,0,0,0,0
1664,0,0,0,0,0,0,0,0
1673,0,0,0,0,0,0,0,0
1681,0,0,0,0,0,0,0,0
1689,0,0,0,0,0,0,0,0
1698,0,0,0,0,0,0,0,0
1706,0,0,0,0,0,0,0,0
1714,0,0,0,0,0,0,0,0
1722,0,0,0,0,0,0,0,0
1730,0,0,0,0,0,0,0,0
1740,0,0,0,0,0,0,0,0
1748,0,0,0,0,0,0,0,0
1756,0,0,0,0,0,0,0,0
1764,0,0,0,0,0,0,0,0
1772,0,0,0,0,0,0,0,0
1781,0,0,0,0,0,0,0,0
1789,0,0,0,0,0,0,0,0
1797,0,0,0,0,0,0,0,0
1806,0,0,0,0,0,0,0,0
1814,0,0,0,0,0,0,0,0
1823,0,0,0,0,0,0,0,0
1831,0,0,0,0,0,0,0,0
1839,0,0,0,0,0,0,0,0
1847,0,0,0,0,0,0,0,0
1855,0,0,0,0,0,0,0,0
1864,0,0,0,0,0,0,0,0
1873,0,0,0,0,0,0,0,0
1881,0,0,0,0,0,0,0,0
1889,0,0,0,0,0,0,0,0
1897,0,0,0,0,0,0,0,0
1906,0,0,0,0,0,0,0,0
1914,0,0,0,0,0,0,0,0
1922,0,0,0,0,0,0,0,0
1930,0,0,0,0,0,0,0,0
1939,0,0,0,0,0,0,0,0
1948,0,0,0,0,0,0,0,0
1956,0,0,0,0,0,0,0,0
1964,0,0,0,0,0,0,0,0
1972,0,0,0,0,0,0,0,0
1980,0,0,0,0,0,0,0,0
1988,0,0,0,0,0,0,0,0
1997,0,0,0,0,0,0,0,0
2006,0,0,0,0,0,0,0,0
2014,0,0,0,0,0,0,0,0
2022,0,0,0,0,0,0,0,0
2030,0,0,0,0,0,0,0,0
2039,0,0,0,0,0,0,0,0
2047,0,0,0,0,0,0,0,0
2055,0,0,0,0,0,0,0,0
2063,0,0,0,0,0,0,0,0
2072,0,0,0,0,0,0,0,0
2081,0,0,0,0,0,0,0,0
2089,0,0,0,0,0,0,0,0
2097,0,0,0,0,0,0,0,0
2105,0,0,0,0,0,0,0,0
2113,0,0,0,0,0,0,0,0
2122,0,0,0,0,0,0,0,0
2130,0,0,0,0,0,0,0,0
2139,0,0,0,0,0,0,0,0
2147,0,0,0,0,0,0,0,0
2155,0,0,0,0,0,0,0,0
2164,0,0,0,0,0,0,0,0
2172,0,0,0,0,0,0,0,0
2180,0,0,0,0,0,0,0,0
2188,0,0,0,0,0,0,0,0
2196,0,0,0,0,0,0,0,0
2206,0,0,0,0,0,0,0,0
2214,0,0,0,0,0,0,0,0
2222,0,0,0,0,0,0,0,0
2230,0,0,0,0,0,0,0,0
2238,0,0,0,0,0,0,0,0
2247,0,0,0,0,0,0,0,0
2255,0,0,0,0,0,0,0,0
2263,0,0,0,0,0,0,0,0
2272,0,0,0,0,0,0,0,0
2280,0,0,0,0,0,0,0,0
2289,0,0,0,0,0,0,0,0
2297,0,0,0,0,0,0,0,0
2305,0,0,0,0,0,0,0,0
2313,0,0,0,0,0,0,0,0
2321,0,0,0,0,0,0,0,0
2329,0,0,0,0,0,0,0,0
2339,0,0,0,0,0,0,0,0
2347,0,0,0,0,0,0,0,0
2355,0,0,0,0,0,0,0,0
2363,0,0,0,0,0,0,0,0
2371,0,0,0,0,0,0,0,0
2380,0,0,0,0,0,0,0,0
2388,0,0,0,0,0,0,0,0
2396,0,0,0,0,0,0,0,0
2405,0,0,0,0,0,0,0,0
2413,0,0,0,0,0,0,0,0
2422,0,0,0,0,0,0,0,0
2430,0,0,0,0,0,0,0,0
2438,0,0,0,0,0,0,0,0
2446,0,0,0,0,0,0,0,0
2454,0,0,0,0,0,0,0,0
2463,0,0,0,0,0,0,0,0
2472,0,0,0,0,0,0,0,0
2480,0,0,0,0,0,0,0,0
2488,0,0,0,0,0,0,0,0
2496,0,0,0,0,0,0,0,0
2505,0,0,0,0,0,0,0,0
2513,0,0,0,0,0,0,0,0
2521,0,0,0,0,0,0,0,0
2529,0,0,0,0,0,0,0,0
2538,0,0,0,0,0,0,0,0
2547,0,0,0,0,0,0,0,0
2555,0,0,0,0,0,0,0,0
2563,0,0,0,0,0,0,0,0
2571,0,0,0,0,0,0,0,0
2579,0,0,0,0,0,0,0,0
2588,0,0,0,0,0,0,0,0
2596,0,0,0,0,0,0,0,0
2605,0,0,0,0,0,0,0,0
2613,0,0,0,0,0,0,0,0
2621,0,0,0,0,0,0,0,0
2629,0,0,0,0,0,0,0,0
2638,0,0,0,0,0,0,0,0
2646,0,0,0,0,0,0,0,0
2654,0,0,0,0,0,0,0,0
2662,0,0,0,0,0,0,0,0
2671,0,0,0,0,0,0,0,0
2680,0,0,0,0,0,0,0,0
2688,0,0,0,0,0,0,0,0
2696,0,0,0,0,0,0,0,0
2704,0,0,0,0,0,0,0,0
2712,0,0,0,0,0,0,0,0
2721,0,0,0,0,0,0,0,0
2729,0,0,0,0,0,0,0,0
2738,0,0,0,0,0,0,0,0
2746,0,0,0,0,0,0,0,0
2754,0,0,0,0,0,0,0,0
2763,0,0,0,0,0,0,0,0
2771,0,0,0,0,0,0,0,0
2779,0,0,0,0,0,0,0,0
2787,0,0,0,0,0,0,0,0
2795,0,0,0,0,0,0,0,0
2805,0,0,0,0,0,0,0,0
2813,0,0,0,0,0,0,0,0
2821,0,0,0,0,0,0,0,0
2829,0,0,0,0,0,0,0,0
2837,0,0,0,0,0,0,0,0
2846,0,0,0,0,0,0,0,0
2854,0,0,0,0,0,0,0,0
2862,0,0,0,0,0,0,0,0
2871,0,0,0,0,0,0,0,0
2879,0,0,0,0,0,0,0,0
2888,0,0,0,0,0,0,0,0
2896,0,0,0,0,0,0,0,0
2904,0,0,0,0,0,0,0,0
2912,0,0,0,0,0,0,0,0
2920,0,0,0,0,0,0,0,0
2929,0,0,0,0,0,0,0,0
2938,0,0,0,0,0,0,0,0
2946,0,0,0,0,0,0,0,0
2954,0,0,0,0,0,0,0,0
2962,0,0,0,0,0,0,0,0
2970,0,0,0,0,0,0,0,0
2979,0,0,0,0,0,0,0,0
2987,0,0,0,0,0,0,0,0
2995,0,0,0,0,0,0,0,0
3004,0,0,0,0,0,0,0,0
3012,0,0,0,0,0,0,0,0
3021,0,0,0,0,0,0,0,0
3029,0,0,0,0,0,0,0,0
3037,0,0,0,0,0,0,0,0
3045,0,0,0,0,0,0,0,0
3053,0,0,0,0,0,0,0,0
3062,0,0,0,0,0,0,0,0
3071,0,0,0,0,0,0,0,0
3079,0,0,0,0,0,0,0,0
3087,0,0,0,0,0,0,0,0
3095,0,0,0,0,0,0,0,0
3104,0,0,0,0,0,0,0,0
3112,0,0,0,0,0,0,0,0
3120,0,0,0,0,0,0,0,0
3128,0,0,0,0,0,0,0,0
3137,0,0,0,0,0,0,0,0
3146,0,0,0,0,0,0,0,0
3154,0,0,0,0,0,0,0,0
3162,0,0,0,0,0,0,0,0
3170,0,0,0,0,0,0,0,0
3178,0,0,0,0,0,0,0,0
3187,0,0,0,0,0,0,0,0
3195,0,0,0,0,0,0,0,0
3204,0,0,0,0,0,0,0,0
3212,0,0,0,0,0,0,0,0
3220,0,0,0,0,0,0,0,0
3229,0,0,0,0,0,0,0,0
3237,0,0,0,0,0,0,0,0
3245,0,0,0,0,0,0,0,0
3253,0,0,0,0,0,0,0,0
3261,0,0,0,0,0,0,0,0
3271,0,0,0,0,0,0,0,0
3279,0,0,0,0,0,0,0,0
3287,0,0,0,0,0,0,0,0
3295,0,0,0,0,0,0,0,0
3303,0,0,0,0,0,0,0,0
3311,0,0,0,0,0,0,0,0
3320,0,0,0,0,0,0,0,0
3328,0,0,0,0,0,0,0,0
3337,0,0,0,0,0,0,0,0
3345,0,0,0,0,0,0,0,0
3353,0,0,0,0,0,0,0,0
3362,0,0,0,0,0,0,0,0
3370,0,0,0,0,0,0,0,0
3378,0,0,0,0,0,0,0,0
3386,0,0,0,0,0,0,0,0
3394,0,0,0,0,0,0,0,0
3404,0,0,0,0,0,0,0,0
3412,0,0,0,0,0,0,0,0
3420,0,0,0,0,0,0,0,0
3428,0,0,0,0,0,0,0,0
3436,0,0,0,0,0,0,0,0
3445,0,0,0,0,0,0,0,0
3453,0,0,0,0,0,0,0,0
3461,0,0,0,0,0,0,0,0
3470,0,0,0,0,0,0,0,0
3478,0,0,0,0,0,0,0,0
3487,0,0,0,0,0,0,0,0
3495,0,0,0,0,0,0,0,0
3503,0,0,0,0,0,0,0,0
3511,0,0,0,0,0,0,0,0
3519,0,0,0,0,0,0,0,0
3528,0,0,0,0,0,0,0,0
3537,0,0,0,0,0,0,0,0
3545,0,0,0,0,0,0,0,0
3553,0,0,0,0,0,0,0,0
3561,0,0,0,0,0,0,0,0
3570,0,0,0,0,0,0,0,0
3578,0,0,0,0,0,0,0,0
3586,0,0,0,0,0,0,0,0
3594,0,0,0,0,0,0,0,0
3603,0,0,0,0,0,0,0,0
3612,0,0,0,0,0,0,0,0
3620,0,0,0,0,0,0,0,0
3628,0,0,0,0,0,0,0,0
3636,0,0,0,0,0,0,0,0
3644,0,0,0,0,0,0,0,0
3652,0,0,0,0,0,0,0,0
3661,0,0,0,0,0,0,0,0
3670,0,0,0,0,0,0,0,0
3678,0,0,0,0,0,0,0,0
3686,0,0,0,0,0,0,0,0
3694,0,0,0,0,0,0,0,0
3703,0,0,0,0,0,0,0,0
3711,0,0,0,0,0,0,0,0
3719,0,0,0,0,0,0,0,0
3727,0,0,0,0,0,0,0,0
3736,0,0,0,0,0,0,0,0
3745,0,0,0,0,0,0,0,0
3753,0,0,0,0,0,0,0,0
3761,0,0,0,0,0,0,0,0
3769,0,0,0,0,0,0,0,0
3777,0,0,0,0,0,0,0,0
3786,0,0,0,0,0,0,0,0
3794,0,0,0,0,0,0,0,0
3803,0,0,0,0,0,0,0,0
3811,0,0,0,0,0,0,0,0
3819,0,0,0,0,0,0,0,0
3828,0,0,0,0,0,0,0,0
3836,0,0,0,0,0,0,0,0
3844,0,0,0,0,0,0,0,0
3852,0,0,0,0,0,0,0,0
3860,0,0,0,0,0,0,0,0
3870,0,0,0,0,0,0,0,0
3878,0,0,0,0,0,0,0,0
3886,0,0,0,0,0,0,0,0
3894,0,0,0,0,0,0,0,0
3902,0,0,0,0,0,0,0,0
3911,0,0,0,0,0,0,0,0
3919,0,0,0,0,0,0,0,0
3927,0,0,0,0,0,0,0,0
3936,0,0,0,0,0,0,0,0
3944,0,0,0,0,0,0,0,0
3953,0,0,0,0,0,0,0,0
3961,0,0,0,0,0,0,0,0
3969,0,0,0,0,0,0,0,0
3977,0,0,0,0,0,0,0,0
3985,0,0,0,0,0,0,0,0
3993,0,0,0,0,0,0,0,0
4003,0,0,0,0,0,0,0,0
4011,0,0,0,0,0,0,0,0
4019,0,0,0,0,0,0,0,0
4027,0,0,0,0,0,0,0,0
4035,0,0,0,0,0,0,0,0
4044,0,0,0,0,0,0,0,0
4052,0,0,0,0,0,0,0,0
4060,0,0,0,0,0,0,0,0
4069,0,0,0,0,0,0,0,0
4077,0,0,0,0,0,0,0,0
4086,0,0,0,0,0,0,0,0
4094,0,0,0,0,0,0,0,0
4102,0,0,0,0,0,0,0,0
4110,0,0,0,0,0,0,0,0
4118,0,0,0,0,0,0,0,0
4127,0,0,0,0,0,0,0,0
4136,0,0,0,0,0,0,0,0
4144,0,0,0,0,0,0,0,0
4152,0,0,0,0,0,0,0,0
4160,0,0,0,0,0,0,0,0
4169,0,0,0,0,0,0,0,0
4177,0,0,0,0,0,0,0,0
4185,0,0,0,0,0,0,0,0
4193,0,0,0,0,0,0,0,0
4202,0,0,0,0,0,0,0,0
4211,0,0,0,0,0,0,0,0
4219,0,0,0,0,0,0,0,0
4227,0,0,0,0,0,0,0,0
4235,0,0,0,0,0,0,0,0
4243,0,0,0,0,0,0,0,0
4252,0,0,0,0,0,0,0,0
4260,0,0,0,0,0,0,0,0
4269,0,0,0,0,0,0,0,0
4277,0,0,0,0,0,0,0,0
4285,0,0,0,0,0,0,0,0
4293,0,0,0,0,0,0,0,0
4302,0,0,0,0,0,0,0,0
4310,0,0,0,0,0,0,0,0
4318,0,0,0,0,0,0,0,0
4326,0,0,0,0,0,0,0,0
4335,0,0,0,0,0,0,0,0
4344,0,0,0,0,0,0,0,0
4352,0,0,0,0,0,0,0,0
4360,0,0,0,0,0,0,0,0
4368,0,0,0,0,0,0,0,0
4376,0,0,0,0,0,0,0,0
4385,0,0,0,0,0,0,0,0
4393,0,0,0,0,0,0,0,0
4402,0,0,0,0,0,0,0,0
4410,0,0,0,0,0,0,0,0
4418,0,0,0,0,0,0,0,0
4427,0,0,0,0,0,0,0,0
4435,0,0,0,0,0,0,0,0
4443,0,0,0,0,0,0,0,0
4451,0,0,0,0,0,0,0,0
4459,0,0,0,0,0,0,0,0
4469,0,0,0,0,0,0,0,0
4477,0,0,0,0,0,0,0,0
4485,0,0,0,0,0,0,0,0
4493,0,0,0,0,0,0,0,0
4501,0,0,0,0,0,0,0,0
4510,0,0,0,0,0,0,0,0
4518,0,0,0,0,0,0,0,0
4526,0,0,0,0,0,0,0,0
4535,0,0,0,0,0,0,0,0
4543,0,0,0,0,0,0,0,0
4552,0,0,0,0,0,0,0,0
4560,0,0,0,0,0,0,0,0
4568,0,0,0,0,0,0,0,0
4576,0,0,0,0,0,0,0,0
4584,0,0,0,0,0,0,0,0
4593,0,0,0,0,0,0,0,0
4602,0,0,0,0,0,0,0,0
4610,0,0,0,0,0,0,0,0
4618,0,0,0,0,0,0,0,0
4626,0,0,0,0,0,0,0,0
4634,0,0,0,0,0,0,0,0
4643,0,0,0,0,0,0,0,0
4651,0,0,0,0,0,0,0,0
4659,0,0,0,0,0,0,0,0
4668,0,0,0,0,0,0,0,0
4676,0,0,0,0,0,0,0,0
4685,0,0,0,0,0,0,0,0
4693,0,0,0,0,0,0,0,0
4701,0,0,0,0,0,0,0,0
4709,0,0,0,0,0,0,0,0
4717,0,0,0,0,0,0,0,0
4726,0,0,0,0,0,0,0,0
4735,0,0,0,0,0,0,0,0
4743,0,0,0,0,0,0,0,0
4751,0,0,0,0,0,0,0,0
4759,0,0,0,0,0,0,0,0
4768,0,0,0,0,0,0,0,0
4776,0,0,0,0,0,0,0,0
4784,0,0,0,0,0,0,0,0
4792,0,0,0,0,0,0,0,0
4801,0,0,0,0,0,0,0,0
4810,0,0,0,0,0,0,0,0
4818,0,0,0,0,0,0,0,0
4826,0,0,0,0,0,0,0,0
4834,0,0,0,0,0,0,0,0
4842,0,0,0,0,0,0,0,0
4851,0,0,0,0,0,0,0,0
4859,0,0,0,0,0,0,0,0
4868,0,0,0,0,0,0,0,0
4876,0,0,0,0,0,0,0,0
4884,0,0,0,0,0,0,0,0
4893,0,0,0,0,0,0,0,0
4901,0,0,0,0,0,0,0,0
4909,0,0,0,0,0,0,0,0
4917,0,0,0,0,0,0,0,0
4925,0,0,0,0,0,0,0,0
4935,0,0,0,0,0,0,0,0
4943,0,0,0,0,0,0,0,0
4951,0,0,0,0,0,0,0,0
4959,0,0,0,0,0,0,0,0
4967,0,0,0,0,0,0,0,0
4975,0,0,0,0,0,0,0,0
4984,0,0,0,0,0,0,0,0
4992,0,0,0,0,0,0,0,0
5001,0,0,0,0,0,0,0,0
5009,0,0,0,0,0,0,0,0
5017,0,0,0,0,0,0,0,0
5026,0,0,0,0,0,0,0,0
5034,0,0,0,0,0,0,0,0
5042,0,0,0,0,0,0,0,0
5050,0,0,0,0,0,0,0,0
5058,0,0,0,0,0,0,0,0
5068,0,0,0,0,0,0,0,0
5076,0,0,0,0,0,0,0,0
5084,0,0,0,0,0,0,0,0
5092,0,0,0,0,0,0,0,0
5100,0,0,0,0,0,0,0,0
5109,0,0,0,0,0,0,0,0
5117,0,0,0,0,0,0,0,0
5125,0,0,0,0,0,0,0,0
5134,0,0,0,0,0,0,0,0
5142,0,0,0,0,0,0,0,0
5151,0,0,0,0,0,0,0,0
5159,0,0,0,0,0,0,0,0
5167,0,0,0,0,0,0,0,0
5175,0,0,0,0,0,0,0,0
5183,0,0,0,0,0,0,0,0
5192,0,0,0,0,0,0,0,0
5201,0,0,0,0,0,0,0,0
5209,0,0,0,0,0,0,0,0
5217,0,0,0,0,0,0,0,0
5225,0,0,0,0,0,0,0,0
5234,0,0,0,0,0,0,0,0
5242,0,0,0,0,0,0,0,0
5250,0,0,0,0,0,0,0,0
5258,0,0,0,0,0,0,0,0
5267,0,0,0,0,0,0,0,0
5276,0,0,0,0,0,0,0,0
5284,0,0,0,0,0,0,0,0
5292,0,0,0,0,0,0,0,0
5300,0,0,0,0,0,0,0,0
5308,0,0,0,0,0,0,0,0
5316,0,0,0,0,0,0,0,0
5325,0,0,0,0,0,0,0,0
5334,0,0,0,0,0,0,0,0
5342,0,0,0,0,0,0,0,0
5350,0,0,0,0,0,0,0,0
5358,0,0,0,0,0,0,0,0
5367,0,0,0,0,0,0,0,0
5375,0,0,0,0,0,0,0,0
5383,0,0,0,0,0,0,0,0
5391,0,0,0,0,0,0,0,0
5400,0,0,0,0,0,0,0,0
5409,0,0,0,0,0,0,0,0
5417,0,0,0,0,0,0,0,0
5425,0,0,0,0,0,0,0,0
5433,0,0,0,0,0,0,0,0
5441,0,0,0,0,0,0,0,0
5450,0,0,0,0,0,0,0,0
5458,0,0,0,0,0,0,0,0
5467,0,0,0,0,0,0,0,0
5475,0,0,0,0,0,0,0,0
5483,0,0,0,0,0,0,0,0
5492,0,0,0,0,0,0,0,0
5500,0,0,0,0,0,0,0,0
5508,0,0,0,0,0,0,0,0
5516,0,0,0,0,0,0,0,0
5524,0,0,0,0,0,0,0,0
5534,0,0,0,0,0,0,0,0
5542,0,0,0,0,0,0,0,0
5550,0,0,0,0,0,0,0,0
5558,0,0,0,0,0,0,0,0
5566,0,0,0,0,0,0,0,0
5575,0,0,0,0,0,0,0,0
5583,0,0,0,0,0,0,0,0
5591,0,0,0,0,0,0,0,0
5600,0,0,0,0,0,0,0,0
5608,0,0,0,0,0,0,0,0
5617,0,0,0,0,0,0,0,0
5625,0,0,0,0,0,0,0,0
5633,0,0,0,0,0,0,0,0
5641,0,0,0,0,0,0,0,0
5649,0,0,0,0,0,0,0,0
5657,0,0,0,0,0,0,0,0
5667,0,0,0,0,0,0,0,0
5675,0,0,0,0,0,0,0,0
5683,0,0,0,0,0,0,0,0
5691,0,0,0,0,0,0,0,0
5699,0,0,0,0,0,0,0,0
5708,0,0,0,0,0,0,0,0
5716,0,0,0,0,0,0,0,0
5724,0,0,0,0,0,0,0,0
5733,0,0,0,0,0,0,0,0
5741,0,0,0,0,0,0,0,0
5750,0,0,0,0,0,0,0,0
5758,0,0,0,0,0,0,0,0
5766,0,0,0,0,0,0,0,0
5774,0,0,0,0,0,0,0,0
5782,0,0,0,0,0,0,0,0
5791,0,0,0,0,0,0,0,0
5800,0,0,0,0,0,0,0,0
5808,0,0,0,0,0,0,0,0
5816,0,0,0,0,0,0,0,0
5824,0,0,0,0,0,0,0,0
5833,0,0,0,0,0,0,0,0
5841,0,0,0,0,0,0,0,0
5849,0,0,0,0,0,0,0,0
5857,0,0,0,0,0,0,0,0
5866,0,0,0,0,0,0,0,0
5875,0,0,0,0,0,0,0,0
5883,0,0,0,0,0,0,0,0
5891,0,0,0,0,0,0,0,0
5899,0,0,0,0,0,0,0,0
5907,0,0,0,0,0,0,0,0
5916,0,0,0,0,0,0,0,0
5924,0,0,0,0,0,0,0,0
5933,0,0,0,0,0,0,0,0
5941,0,0,0,0,0,0,0,0
5949,0,0,0,0,0,0,0,0
5957,0,0,0,0,0,0,0,0
5966,0,0,0,0,0,0,0,0
5974,0,0,0,0,0,0,0,0
5982,0,0,0,0,0,0,0,0
5990,0,0,0,0,0,0,0,0
5999,0,0,0,0,0,0,0,0
6008,0,0,0,0,0,0,0,0
6016,0,0,0,0,0,0,0,0
6024,0,0,0,0,0,0,0,0
6032,0,0,0,0,0,0,0,0
6040,0,0,0,0,0,0,0,0
6049,0,0,0,0,0,0,0,0
6057,0,0,0,0,0,0,0,0
6066,0,0,0,0,0,0,0,0
6074,0,0,0,0,0,0,0,0
6082,0,0,0,0,0,0,0,0
6091,0,0,0,0,0,0,0,0
6099,0,0,0,0,0,0,0,0
6107,0,0,0,0,0,0,0,0
6115,0,0,0,0,0,0,0,0
6123,0,0,0,0,0,0,0,0
6133,0,0,0,0,0,0,0,0
6141,0,0,0,0,0,0,0,0
6149,0,0,0,0,0,0,0,0
6157,0,0,0,0,0,0,0,0
6165,0,0,0,0,0,0,0,0
6174,0,0,0,0,0,0,0,0
6182,0,0,0,0,0,0,0,0
6190,0,0,0,0,0,0,0,0
6199,0,0,0,0,0,0,0,0
6207,0,0,0,0,0,0,0,0
6216,0,0,0,0,0,0,0,0
6224,0,0,0,0,0,0,0,0
6232,0,0,0,0,0,0,0,0
6240,0,0,0,0,0,0,0,0
6248,0,0,0,0,0,0,0,0
6257,0,0,0,0,0,0,0,0
6266,0,0,0,0,0,0,0,0
6274,0,0,0,0,0,0,0,0
6282,0,0,0,0,0,0,0,0
6290,0,0,0,0,0,0,0,0
6298,0,0,0,0,0,0,0,0
6307,0,0,0,0,0,0,0,0
6315,0,0,0,0,0,0,0,0
6323,0,0,0,0,0,0,0,0
6332,0,0,0,0,0,0,0,0
6340,0,0,0,0,0,0,0,0
6349,0,0,0,0,0,0,0,0
6357,0,0,0,0,0,0,0,0
6365,0,0,0,0,0,0,0,0
6373,0,0,0,0,0,0,0,0
6381,0,0,0,0,0,0,0,0
6390,0,0,0,0,0,0,0,0
6399,0,0,0,0,0,0,0,0
6407,0,0,0,0,0,0,0,0
6415,0,0,0,0,0,0,0,0
6423,0,0,0,0,0,0,0,0
6432,0,0,0,0,0,0,0,0
6440,0,0,0,0,0,0,0,0
6448,0,0,0,0,0,0,0,0
6456,0,0,0,0,0,0,0,0
6465,0,0,0,0,0,0,0,0
6474,0,0,0,0,0,0,0,0
6482,0,0,0,0,0,0,0,0
6490,0,0,0,0,0,0,0,0
6498,0,0,0,0,0,0,0,0
6506,0,0,0,0,0,0,0,0
6515,0,0,0,0,0,0,0,0
6523,0,0,0,0,0,0,0,0
6532,0,0,0,0,0,0,0,0
6540,0,0,0,0,0,0,0,0
6548,0,0,0,0,0,0,0,0
6557,0,0,0,0,0,0,0,0
6565,0,0,0,0,0,0,0,0
6573,0,0,0,0,0,0,0,0
6581,0,0,0,0,0,0,0,0
6589,0,0,0,0,0,0,0,0
6599,0,0,0,0,0,0,0,0
6607,0,0,0,0,0,0,0,0
6615,0,0,0,0,0,0,0,0
6623,0,0,0,0,0,0,0,0
6631,0,0,0,0,0,0,0,0
6639,0,0,0,0,0,0,0,0
6648,0,0,0,0,0,0,0,0
6656,0,0,0,0,0,0,0,0
6665,0,0,0,0,0,0,0,0
6673,0,0,0,0,0,0,0,0
6681,0,0,0,0,0,0,0,0
6690,0,0,0,0,0,0,0,0
6698,0,0,0,0,0,0,0,0
6706,0,0,0,0,0,0,0,0
6714,0,0,0,0,0,0,0,0
6722,0,0,0,0,0,0,0,0
6732,0,0,0,0,0,0,0,0
6740,0,0,0,0,0,0,0,0
6748,0,0,0,0,0,0,0,0
6756,0,0,0,0,0,0,0,0
6764,0,0,0,0,0,0,0,0
6773,0,0,0,0,0,0,0,0
6781,0,0,0,0,0,0,0,0
6789,0,0,0,0,0,0,0,0
6798,0,0,0,0,0,0,0,0
6806,0,0,0,0,0,0,0,0
6815,0,0,0,0,0,0,0,0
6823,0,0,0,0,0,0,0,0
6831,0,0,0,0,0,0,0,0
6839,0,0,0,0,0,0,0,0
6847,0,0,0,0,0,0,0,0
6856,0,0,0,0,0,0,0,0
6865,0,0,0,0,0,0,0,0
6873,0,0,0,0,0,0,0,0
6881,0,0,0,0,0,0,0,0
6889,0,0,0,0,0,0,0,0
6898,0,0,0,0,0,0,0,0
6906,0,0,0,0,0,0,0,0
6914,0,0,0,0,0,0,0,0
6922,0,0,0,0,0,0,0,0
6931,0,0,0,0,0,0,0,0
6940,0,0,0,0,0,0,0,0
6948,0,0,0,0,0,0,0,0
6956,0,0,0,0,0,0,0,0
6964,0,0,0,0,0,0,0,0
6972,0,0,0,0,0,0,0,0
6980,0,0,0,0,0,0,0,0
6989,0,0,0,0,0,0,0,0
6998,0,0,0,0,0,0,0,0
7006,0,0,0,0,0,0,0,0
7014,0,0,0,0,0,0,0,0
7022,0,0,0,0,0,0,0,0
7031,0,0,0,0,0,0,0,0
7039,0,0,0,0,0,0,0,0
7047,0,0,0,0,0,0,0,0
7055,0,0,0,0,0,0,0,0
7064,0,0,0,0,0,0,0,0
7073,0,0,0,0,0,0,0,0
7081,0,0,0,0,0,0,0,0
7089,0,0,0,0,0,0,0,0
7097,0,0,0,0,0,0,0,0
7105,0,0,0,0,0,0,0,0
7114,0,0,0,0,0,0,0,0
7122,0,0,0,0,0,0,0,0
7131,0,0,0,0,0,0,0,0
7139,0,0,0,0,0,0,0,0
7147,0,0,0,0,0,0,0,0
7156,0,0,0,0,0,0,0,0
7164,0,0,0,0,0,0,0,0
7172,0,0,0,0,0,0,0,0
7180,0,0,0,0,0,0,0,0
7188,0,0,0,0,0,0,0,0
7198,0,0,0,0,0,0,0,0
7206,0,0,0,0,0,0,0,0
7214,0,0,0,0,0,0,0,0
7222,0,0,0,0,0,0,0,0
7230,0,0,0,0,0,0,0,0
7239,0,0,0,0,0,0,0,0
7247,0,0,0,0,0,0,0,0
7255,0,0,0,0,0,0,0,0
7264,0,0,0,0,0,0,0,0
7272,0,0,0,0,0,0,0,0
7281,0,0,0,0,0,0,0,0
7289,0,0,0,0,0,0,0,0
7297,0,0,0,0,0,0,0,0
7305,0,0,0,0,0,0,0,0
7313,0,0,0,0,0,0,0,0
7321,0,0,0,0,0,0,0,0
7331,0,0,0,0,0,0,0,0
7339,0,0,0,0,0,0,0,0
7347,0,0,0,0,0,0,0,0
7355,0,0,0,0,0,0,0,0
7363,0,0,0,0,0,0,0,0
7372,0,0,0,0,0,0,0,0
7380,0,0,0,0,0,0,0,0
7388,0,0,0,0,0,0,0,0
7397,0,0,0,0,0,0,0,0
7405,0,0,0,0,0,0,0,0
7414,0,0,0,0,0,0,0,0
7422,0,0,0,0,0,0,0,0
7430,0,0,0,0,0,0,0,0
7438,0,0,0,0,0,0,0,0
7446,0,0,0,0,0,0,0,0
7455,0,0,0,0,0,0,0,0
7464,0,0,0,0,0,0,0,0
7472,0,0,0,0,0,0,0,0
7480,0,0,0,0,0,0,0,0
7488,0,0,0,0,0,0,0,0
7497,0,0,0,0,0,0,0,0
7505,0,0,0,0,0,0,0,0
7513,0,0,0,0,0,0,0,0
7521,0,0,0,0,0,0,0,0
7530,0,0,0,0,0,0,0,0
7539,0,0,0,0,0,0,0,0
7547,0,0,0,0,0,0,0,0
7555,0,0,0,0,0,0,0,0
7563,0,0,0,0,0,0,0,0
7571,0,0,0,0,0,0,0,0
7580,0,0,0,0,0,0,0,0
7588,0,0,0,0,0,0,0,0
7597,0,0,0,0,0,0,0,0
7605,0,0,0,0,0,0,0,0
7613,0,0,0,0,0,0,0,0
7621,0,0,0,0,0,0,0,0
7630,0,0,0,0,0,0,0,0
7638,0,0,0,0,0,0,0,0
7646,0,0,0,0,0,0,0,0
7654,0,0,0,0,0,0,0,0
7663,0,0,0,0,0,0,0,0
7672,0,0,0,0,0,0,0,0
7680,0,0,0,0,0,0,0,0
7688,0,0,0,0,0,0,0,0
7696,0,0,0,0,0,0,0,0
7704,0,0,0,0,0,0,0,0
7713,0,0,0,0,0,0,0,0
7721,0,0,0,0,0,0,0,0
7730,0,0,0,0,0,0,0,0
7738,0,0,0,0,0,0,0,0
7746,0,0,0,0,0,0,0,0
7755,0,0,0,0,0,0,0,0
7763,0,0,0,0,0,0,0,0
7771,0,0,0,0,0,0,0,0
7779,0,0,0,0,0,0,0,0
7787,0,0,0,0,0,0,0,0
7797,0,0,0,0,0,0,0,0
7805,0,0,0,0,0,0,0,0
7813,0,0,0,0,0,0,0,0
7821,0,0,0,0,0,0,0,0
7829,0,0,0,0,0,0,0,0
7838,0,0,0,0,0,0,0,0
7846,0,0,0,0,0,0,0,0
7854,0,0,0,0,0,0,0,0
7863,0,0,0,0,0,0,0,0
7871,0,0,0,0,0,0,0,0
7880,0,0,0,0,0,0,0,0
7888,0,0,0,0,0,0,0,0
7896,0,0,0,0,0,0,0,0
7904,0,0,0,0,0,0,0,0
7912,0,0,0,0,0,0,0,0
7921,0,0,0,0,0,0,0,0
7930,0,0,0,0,0,0,0,0
7938,0,0,0,0,0,0,0,0
7946,0,0,0,0,0,0,0,0
7954,0,0,0,0,0,0,0,0
7962,0,0,0,0,0,0,0,0
7971,0,0,0,0,0,0,0,0
7979,0,0,0,0,0,0,0,0
7987,0,0,0,0,0,0,0,0
7996,0,0,0,0,0,0,0,0
8004,0,0,0,0,0,0,0,0
8013,0,0,0,0,0,0,0,0
8021,0,0,0,0,0,0,0,0
8029,0,0,0,0,0,0,0,0
8037,0,0,0,0,0,0,0,0
8045,0,0,0,0,0,0,0,0
8054,0,0,0,0,0,0,0,0
8063,0,0,0,0,0,0,0,0
8071,0,0,0,0,0,0,0,0
8079,0,0,0,0,0,0,0,0
8087,0,0,0,0,0,0,0,0
8096,0,0,0,0,0,0,0,0
8104,0,0,0,0,0,0,0,0
8112,0,0,0,0,0,0,0,0
8120,0,0,0,0,0,0,0,0
8129,0,0,0,0,0,0,0,0
8138,0,0,0,0,0,0,0,0
8146,0,0,0,0,0,0,0,0
8154,0,0,0,0,0,0,0,0
8162,0,0,0,0,0,0,0,0
8170,0,0,0,0,0,0,0,0
8179,0,0,0,0,0,0,0,0
8187,0,0,0,0,0,0,0,0
8196,0,0,0,0,0,0,0,0
8204,0,0,0,0,0,0,0,0
8212,0,0,0,0,0,0,0,0
8221,0,0,0,0,0,0,0,0
8229,0,0,0,0,0,0,0,0
8237,0,0,0,0,0,0,0,0
8245,0,0,0,0,0,0,0,0
8253,0,0,0,0,0,0,0,0
8263,0,0,0,0,0,0,0,0
8271,0,0,0,0,0,0,0,0
8279,0,0,0,0,0,0,0,0
8287,0,0,0,0,0,0,0,0
8295,0,0,0,0,0,0,0,0
8303,0,0,0,0,0,0,0,0
8312,0,0,0,0,0,0,0,0
8320,0,0,0,0,0,0,0,0
8329,0,0,0,0,0,0,0,0
8337,0,0,0,0,0,0,0,0
8345,0,0,0,0,0,0,0,0
8354,0,0,0,0,0,0,0,0
8362,0,0,0,0,0,0,0,0
8370,0,0,0,0,0,0,0,0
8378,0,0,0,0,0,0,0,0
8386,0,0,0,0,0,0,0,0
8396,0,0,0,0,0,0,0,0
8404,0,0,0,0,0,0,0,0
8412,0,0,0,0,0,0,0,0
8420,0,0,0,0,0,0,0,0
8428,0,0,0,0,0,0,0,0
8437,0,0,0,0,0,0,0,0
8445,0,0,0,0,0,0,0,0
8453,0,0,0,0,0,0,0,0
8462,0,0,0,0,0,0,0,0
8470,0,0,0,0,0,0,0,0
8479,0,0,0,0,0,0,0,0
8487,0,0,0,0,0,0,0,0
8495,0,0,0,0,0,0,0,0
8503,0,0,0,0,0,0,0,0
8511,0,0,0,0,0,0,0,0
8520,0,0,0,0,0,0,0,0
8529,0,0,0,0,0,0,0,0
8537,0,0,0,0,0,0,0,0
8545,0,0,0,0,0,0,0,0
8553,0,0,0,0,0,0,0,0
8562,0,0,0,0,0,0,0,0
8570,0,0,0,0,0,0,0,0
8578,0,0,0,0,0,0,0,0
8586,0,0,0,0,0,0,0,0
8595,0,0,0,0,0,0,0,0
8604,0,0,0,0,0,0,0,0
8612,0,0,0,0,0,0,0,0
8620,0,0,0,0,0,0,0,0
8628,0,0,0,0,0,0,0,0
8636,0,0,0,0,0,0,0,0
8644,0,0,0,0,0,0,0,0
8653,0,0,0,0,0,0,0,0
8662,0,0,0,0,0,0,0,0
8670,0,0,0,0,0,0,0,0
8678,0,0,0,0,0,0,0,0
8686,0,0,0,0,0,0,0,0
8695,0,0,0,0,0,0,0,0
8703,0,0,0,0,0,0,0,0
8711,0,0,0,0,0,0,0,0
8719,0,0,0,0,0,0,0,0
8728,0,0,0,0,0,0,0,0
8737,0,0,0,0,0,0,0,0
8745,0,0,0,0,0,0,0,0
8753,0,0,0,0,0,0,0,0
8761,0,0,0,0,0,0,0,0
8769,0,0,0,0,0,0,0,0
8778,0,0,0,0,0,0,0,0
8786,0,0,0,0,0,0,0,0
8795,0,0,0,0,0,0,0,0
8803,0,0,0,0,0,0,0,0
8811,0,0,0,0,0,0,0,0
8820,0,0,0,0,0,0,0,0
8828,0,0,0,0,0,0,0,0
8836,0,0,0,0,0,0,0,0
8844,0,0,0,0,0,0,0,0
8852,0,0,0,0,0,0,0,0
8862,0,0,0,0,0,0,0,0
8870,0,0,0,0,0,0,0,0
8878,0,0,0,0,0,0,0,0
8886,0,0,0,0,0,0,0,0
8894,0,0,0,0,0,0,0,0
8903,0,0,0,0,0,0,0,0
8911,0,0,0,0,0,0,0,0
8919,0,0,0,0,0,0,0,0
8928,0,0,0,0,0,0,0,0
8936,0,0,0,0,0,0,0,0
8945,0,0,0,0,0,0,0,0
8953,0,0,0,0,0,0,0,0
8961,0,0,0,0,0,0,0,0
8969,0,0,0,0,0,0,0,0
8977,0,0,0,0,0,0,0,0
8985,0,0,0,0,0,0,0,0
8995,0,0,0,0,0,0,0,0
9003,0,0,0,0,0,0,0,0
9011,0,0,0,0,0,0,0,0
9019,0,0,0,0,0,0,0,0
9027,0,0,0,0,0,0,0,0
9036,0,0,0,0,0,0,0,0
9044,0,0,0,0,0,0,0,0
9052,0,0,0,0,0,0,0,0
9061,0,0,0,0,0,0,0,0
9069,0,0,0,0,0,0,0,0
9078,0,0,0,0,0,0,0,0
9086,0,0,0,0,0,0,0,0
9094,0,0,0,0,0,0,0,0
9102,0,0,0,0,0,0,0,0
9110,0,0,0,0,0,0,0,0
9119,0,0,0,0,0,0,0,0
9128,0,0,0,0,0,0,0,0
9136,0,0,0,0,0,0,0,0
9144,0,0,0,0,0,0,0,0
9152,0,0,0,0,0,0,0,0
9161,0,0,0,0,0,0,0,0
9169,0,0,0,0,0,0,0,0
9177,0,0,0,0,0,0,0,0
9185,0,0,0,0,0,0,0,0
9194,0,0,0,0,0,0,0,0
9203,0,0,0,0,0,0,0,0
9211,0,0,0,0,0,0,0,0
9219,0,0,0,0,0,0,0,0
9227,0,0,0,0,0,0,0,0
9235,0,0,0,0,0,0,0,0
9244,0,0,0,0,0,0,0,0
9252,0,0,0,0,0,0,0,0
9261,0,0,0,0,0,0,0,0
9269,0,0,0,0,0,0,0,0
9277,0,0,0,0,0,0,0,0
9285,0,0,0,0,0,0,0,0
9294,0,0,0,0,0,0,0,0
9302,0,0,0,0,0,0,0,0
9310,0,0,0,0,0,0,0,0
9318,0,0,0,0,0,0,0,0
9327,0,0,0,0,0,0,0,0
9336,0,0,0,0,0,0,0,0
9344,0,0,0,0,0,0,0,0
9352,0,0,0,0,0,0,0,0
9360,0,0,0,0,0,0,0,0
9368,0,0,0,0,0,0,0,0
9377,0,0,0,0,0,0,0,0
9385,0,0,0,0,0,0,0,0
9394,0,0,0,0,0,0,0,0
9402,0,0,0,0,0,0,0,0
9410,0,0,0,0,0,0,0,0
9419,0,0,0,0,0,0,0,0
9427,0,0,0,0,0,0,0,0
9435,0,0,0,0,0,0,0,0
9443,0,0,0,0,0,0,0,0
9451,0,0,0,0,0,0,0,0
9461,0,0,0,0,0,0,0,0
9469,0,0,0,0,0,0,0,0
9477,0,0,0,0,0,0,0,0
9485,0,0,0,0,0,0,0,0
9493,0,0,0,0,0,0,0,0
9502,0,0,0,0,0,0,0,0
9510,0,0,0,0,0,0,0,0
9518,0,0,0,0,0,0,0,0
9527,0,0,0,0,0,0,0,0
9535,0,0,0,0,0,0,0,0
9544,0,0,0,0,0,0,0,0
9552,0,0,0,0,0,0,0,0
9560,0,0,0,0,0,0,0,0
9568,0,0,0,0,0,0,0,0
9576,0,0,0,0,0,0,0,0
9585,0,0,0,0,0,0,0,0
9594,0,0,0,0,0,0,0,0
9602,0,0,0,0,0,0,0,0
9610,0,0,0,0,0,0,0,0
9618,0,0,0,0,0,0,0,0
9626,0,0,0,0,0,0,0,0
9635,0,0,0,0,0,0,0,0
9643,0,0,0,0,0,0,0,0
9651,0,0,0,0,0,0,0,0
9660,0,0,0,0,0,0,0,0
9668,0,0,0,0,0,0,0,0
9677,0,0,0,0,0,0,0,0
9685,0,0,0,0,0,0,0,0
9693,0,0,0,0,0,0,0,0
9701,0,0,0,0,0,0,0,0
9709,0,0,0,0,0,0,0,0
9718,0,0,0,0,0,0,0,0
9727,0,0,0,0,0,0,0,0
9735,0,0,0,0,0,0,0,0
9743,0,0,0,0,0,0,0,0
9751,0,0,0,0,0,0,0,0
9760,0,0,0,0,0,0,0,0
9768,0,0,0,0,0,0,0,0
9776,0,0,0,0,0,0,0,0
9784,0,0,0,0,0,0,0,0
9793,0,0,0,0,0,0,0,0
9802,0,0,0,0,0,0,0,0
9810,0,0,0,0,0,0,0,0
9818,0,0,0,0,0,0,0,0
9826,0,0,0,0,0,0,0,0
9834,0,0,0,0,0,0,0,0
9843,0,0,0,0,0,0,0,0
9851,0,0,0,0,0,0,0,0
9860,0,0,0,0,0,0,0,0
9868,0,0,0,0,0,0,0,0
9876,0,0,0,0,0,0,0,0
9885,0,0,0,0,0,0,0,0
9893,0,0,0,0,0,0,0,0
9901,0,0,0,0,0,0,0,0
9909,0,0,0,0,0,0,0,0
9917,0,0,0,0,0,0,0,0
9927,0,0,0,0,0,0,0,0
9935,0,0,0,0,0,0,0,0
9943,0,0,0,0,0,0,0,0
9951,0,0,0,0,0,0,0,0
9959,0,0,0,0,0,0,0,0
9967,0,0,0,0,0,0,0,0
9976,0,0,0,0,0,0,0,0
9984,0,0,0,0,0,0,0,0
9993,0,0,0,0,0,0,0,0
10001,0,0,0,0,0,0,0,0
10010,0,0,0,0,0,0,0,0
10020,0,0,0,0,0,0,0,0
10029,0,0,0,0,0,0,0,0
10038,0,0,0,0,0,0,0,0
10047,0,0,0,0,0,0,0,0
10058,0,0,0,0,0,0,0,0
10067,0,0,0,0,0,0,0,0
10076,0,0,0,0,0,0,0,0
10085,0,0,0,0,0,0,0,0
10094,0,0,0,0,0,0,0,0
10104,0,0,0,0,0,0,0,0
10113,0,0,0,0,0,0,0,0
10122,0,0,0,0,0,0,0,0
10132,0,0,0,0,0,0,0,0
10142,0,0,0,0,0,0,0,0
10151,0,0,0,0,0,0,0,0
10160,0,0,0,0,0,0,0,0
10169,0,0,0,0,0,0,0,0
10178,0,0,0,0,0,0,0,0
10188,0,0,0,0,0,0,0,0
10198,0,0,0,0,0,0,0,0
10207,0,0,0,0,0,0,0,0
10216,0,0,0,0,0,0,0,0
10226,0,0,0,0,0,0,0,0
10235,0,0,0,0,0,0,0,0
10244,0,0,0,0,0,0,0,0
10253,0,0,0,0,0,0,0,0
10263,0,0,0,0,0,0,0,0
10273,0,0,0,0,0,0,0,0
10282,0,0,0,0,0,0,0,0
10291,0,0,0,0,0,0,0,0
10300,0,0,0,0,0,0,0,0
10309,0,0,0,0,0,0,0,0
10319,0,0,0,0,0,0,0,0
10329,0,0,0,0,0,0,0,0
10338,0,0,0,0,0,0,0,0
10347,0,0,0,0,0,0,0,0
10357,0,0,0,0,0,0,0,0
10366,0,0,0,0,0,0,0,0
10375,0,0,0,0,0,0,0,0
10384,0,0,0,0,0,0,0,0
10394,0,0,0,0,0,0,0,0
10404,0,0,0,0,0,0,0,0
10413,0,0,0,0,0,0,0,0
10422,0,0,0,0,0,0,0,0
10431,0,0,0,0,0,0,0,0
10441,0,0,0,0,0,0,0,0
10450,0,0,0,0,0,0,0,0
10460,0,0,0,0,0,0,0,0
10469,0,0,0,0,0,0,0,0
10478,0,0,0,0,0,0,0,0
10488,0,0,0,0,0,0,0,0
10497,0,0,0,0,0,0,0,0
10506,0,0,0,0,0,0,0,0
10515,0,0,0,0,0,0,0,0
10526,0,0,0,0,0,0,0,0
10535,0,0,0,0,0,0,0,0
10544,0,0,0,0,0,0,0,0
10553,0,0,0,0,0,0,0,0
10562,0,0,0,0,0,0,0,0
10572,0,0,0,0,0,0,0,0
10581,0,0,0,0,0,0,0,0
10591,0,0,0,0,0,0,0,0
10600,0,0,0,0,0,0,0,0
10610,0,0,0,0,0,0,0,0
10619,0,0,0,0,0,0,0,0
10628,0,0,0,0,0,0,0,0
10637,0,0,0,0,0,0,0,0
10646,0,0,0,0,0,0,0,0
10657,0,0,0,0,0,0,0,0
10666,0,0,0,0,0,0,0,0
10675,0,0,0,0,0,0,0,0
10684,0,0,0,0,0,0,0,0
10693,0,0,0,0,0,0,0,0
10703,0,0,0,0,0,0,0,0
10712,0,0,0,0,0,0,0,0
10721,0,0,0,0,0,0,0,0
10731,0,0,0,0,0,0,0,0
10741,0,0,0,0,0,0,0,0
10750,0,0,0,0,0,0,0,0
10759,0,0,0,0,0,0,0,0
10768,0,0,0,0,0,0,0,0
10777,0,0,0,0,0,0,0,0
10787,0,0,0,0,0,0,0,0
10797,0,0,0,0,0,0,0,0
10806,0,0,0,0,0,0,0,0
10815,0,0,0,0,0,0,0,0
10825,0,0,0,0,0,0,0,0
10834,0,0,0,0,0,0,0,0
10843,0,0,0,0,0,0,0,0
10852,0,0,0,0,0,0,0,0
10862,0,0,0,0,0,0,0,0
10872,0,0,0,0,0,0,0,0
10881,0,0,0,0,0,0,0,0
10890,0,0,0,0,0,0,0,0
10899,0,0,0,0,0,0,0,0
10909,0,0,0,0,0,0,0,0
10918,0,0,0,0,0,0,0,0
10928,0,0,0,0,0,0,0,0
10937,0,0,0,0,0,0,0,0
10946,0,0,0,0,0,0,0,0
10956,0,0,0,0,0,0,0,0
10965,0,0,0,0,0,0,0,0
10974,0,0,0,0,0,0,0,0
10983,0,0,0,0,0,0,0,0
10994,0,0,0,0,0,0,0,0
11003,0,0,0,0,0,0,0,0
11012,0,0,0,0,0,0,0,0
11021,0,0,0,0,0,0,0,0
11030,0,0,0,0,0,0,0,0
11040,0,0,0,0,0,0,0,0
11049,0,0,0,0,0,0,0,0
11059,0,0,0,0,0,0,0,0
11068,0,0,0,0,0,0,0,0
11077,0,0,0,0,0,0,0,0
11087,0,0,0,0,0,0,0,0
11096,0,0,0,0,0,0,0,0
11105,0,0,0,0,0,0,0,0
11114,0,0,0,0,0,0,0,0
11125,0,0,0,0,0,0,0,0
11134,0,0,0,0,0,0,0,0
11143,0,0,0,0,0,0,0,0
11152,0,0,0,0,0,0,0,0
11161,0,0,0,0,0,0,0,0
11171,0,0,0,0,0,0,0,0
11180,0,0,0,0,0,0,0,0
11190,0,0,0,0,0,0,0,0
11199,0,0,0,0,0,0,0,0
11209,0,0,0,0,0,0,0,0
11218,0,0,0,0,0,0,0,0
11227,0,0,0,0,0,0,0,0
11236,0,0,0,0,0,0,0,0
11245,0,0,0,0,0,0,0,0
11256,0,0,0,0,0,0,0,0
11265,0,0,0,0,0,0,0,0
11274,0,0,0,0,0,0,0,0
11283,0,0,0,0,0,0,0,0
11293,0,0,0,0,0,0,0,0
11302,0,0,0,0,0,0,0,0
11311,0,0,0,0,0,0,0,0
11320,0,0,0,0,0,0,0,0
11330,0,0,0,0,0,0,0,0
11340,0,0,0,0,0,0,0,0
11349,0,0,0,0,0,0,0,0
11358,0,0,0,0,0,0,0,0
11367,0,0,0,0,0,0,0,0
11377,0,0,0,0,0,0,0,0
11386,0,0,0,0,0,0,0,0
11396,0,0,0,0,0,0,0,0
11405,0,0,0,0,0,0,0,0
11414,0,0,0,0,0,0,0,0
11424,0,0,0,0,0,0,0,0
11433,0,0,0,0,0,0,0,0
11442,0,0,0,0,0,0,0,0
11451,0,0,0,0,0,0,0,0
11461,0,0,0,0,0,0,0,0
11471,0,0,0,0,0,0,0,0
11480,0,0,0,0,0,0,0,0
11489,0,0,0,0,0,0,0,0
11498,0,0,0,0,0,0,0,0
11508,0,0,0,0,0,0,0,0
11517,0,0,0,0,0,0,0,0
11527,0,0,0,0,0,0,0,0
11536,0,0,0,0,0,0,0,0
11545,0,0,0,0,0,0,0,0
11555,0,0,0,0,0,0,0,0
11564,0,0,0,0,0,0,0,0
11573,0,0,0,0,0,0,0,0
11582,0,0,0,0,0,0,0,0
11593,0,0,0,0,0,0,0,0
11602,0,0,0,0,0,0,0,0
11611,0,0,0,0,0,0,0,0
11620,0,0,0,0,0,0,0,0
11629,0,0,0,0,0,0,0,0
11639,0,0,0,0,0,0,0,0
11648,0,0,0,0,0,0,0,0
11658,0,0,0,0,0,0,0,0
11667,0,0,0,0,0,0,0,0
11677,0,0,0,0,0,0,0,0
11686,0,0,0,0,0,0,0,0
11695,0,0,0,0,0,0,0,0
11704,0,0,0,0,0,0,0,0
11713,0,0,0,0,0,0,0,0
11724,0,0,0,0,0,0,0,0
11733,0,0,0,0,0,0,0,0
11742,0,0,0,0,0,0,0,0
11751,0,0,0,0,0,0,0,0
11761,0,0,0,0,0,0,0,0
11770,0,0,0,0,0,0,0,0
11779,0,0,0,0,0,0,0,0
11789,0,0,0,0,0,0,0,0
11798,0,0,0,0,0,0,0,0
11808,0,0,0,0,0,0,0,0
11817,0,0,0,0,0,0,0,0
11826,0,0,0,0,0,0,0,0
11835,0,0,0,0,0,0,0,0
11844,0,0,0,0,0,0,0,0
11855,0,0,0,0,0,0,0,0
11864,0,0,0,0,0,0,0,0
11873,0,0,0,0,0,0,0,0
11882,0,0,0,0,0,0,0,0
11892,0,0,0,0,0,0,0,0
11901,0,0,0,0,0,0,0,0
11910,0,0,0,0,0,0,0,0
11919,0,0,0,0,0,0,0,0
11929,0,0,0,0,0,0,0,0
11939,0,0,0,0,0,0,0,0
11948,0,0,0,0,0,0,0,0
11957,0,0,0,0,0,0,0,0
11966,0,0,0,0,0,0,0,0
11976,0,0,0,0,0,0,0,0
11985,0,0,0,0,0,0,0,0
11995,0,0,0,0,0,0,0,0
12004,0,0,0,0,0,0,0,0
12013,0,0,0,0,0,0,0,0
12023,0,0,0,0,0,0,0,0
12032,0,0,0,0,0,0,0,0
12041,0,0,0,0,0,0,0,0
12050,0,0,0,0,0,0,0,0
12061,0,0,0,0,0,0,0,0
12070,0,0,0,0,0,0,0,0
12079,0,0,0,0,0,0,0,0
12088,0,0,0,0,0,0,0,0
12097,0,0,0,0,0,0,0,0
12107,0,0,0,0,0,0,0,0
12116,0,0,0,0,0,0,0,0
12126,0,0,0,0,0,0,0,0
12135,0,0,0,0,0,0,0,0
12145,0,0,0,0,0,0,0,0
12154,0,0,0,0,0,0,0,0
12163,0,0,0,0,0,0,0,0
12172,0,0,0,0,0,0,0,0
12181,0,0,0,0,0,0,0,0
12192,0,0,0,0,0,0,0,0
12201,0,0,0,0,0,0,0,0
12210,0,0,0,0,0,0,0,0
12219,0,0,0,0,0,0,0,0
12228,0,0,0,0,0,0,0,0
12238,0,0,0,0,0,0,0,0
12247,0,0,0,0,0,0,0,0
12257,0,0,0,0,0,0,0,0
12266,0,0,0,0,0,0,0,0
12276,0,0,0,0,0,0,0,0
12285,0,0,0,0,0,0,0,0
12294,0,0,0,0,0,0,0,0
12303,0,0,0,0,0,0,0,0
12312,0,0,0,0,0,0,0,0
12323,0,0,0,0,0,0,0,0
12332,0,0,0,0,0,0,0,0
12341,0,0,0,0,0,0,0,0
12350,0,0,0,0,0,0,0,0
12360,0,0,0,0,0,0,0,0
12369,0,0,0,0,0,0,0,0
12378,0,0,0,0,0,0,0,0
12388,0,0,0,0,0,0,0,0
12397,0,0,0,0,0,0,0,0
12407,0,0,0,0,0,0,0,0
12416,0,0,0,0,0,0,0,0
12425,0,0,0,0,0,0,0,0
12434,0,0,0,0,0,0,0,0
12444,0,0,0,0,0,0,0,0
12454,0,0,0,0,0,0,0,0
12463,0,0,0,0,0,0,0,0
12472,0,0,0,0,0,0,0,0
12481,0,0,0,0,0,0,0,0
12491,0,0,0,0,0,0,0,0
12500,0,0,0,0,0,0,0,0
12509,0,0,0,0,0,0,0,0
12518,0,0,0,0,0,0,0,0
12529,0,0,0,0,0,0,0,0
12538,0,0,0,0,0,0,0,0
12547,0,0,0,0,0,0,0,0
12556,0,0,0,0,0,0,0,0
12565,0,0,0,0,0,0,0,0
12575,0,0,0,0,0,0,0,0
12584,0,0,0,0,0,0,0,0
12594,0,0,0,0,0,0,0,0
12603,0,0,0,0,0,0,0,0
12612,0,0,0,0,0,0,0,0
12622,0,0,0,0,0,0,0,0
12631,0,0,0,0,0,0,0,0
12640,0,0,0,0,0,0,0,0
12649,0,0,0,0,0,0,0,0
12660,0,0,0,0,0,0,0,0
12669,0,0,0,0,0,0,0,0
12678,0,0,0,0,0,0,0,0
12687,0,0,0,0,0,0,0,0
12696,0,0,0,0,0,0,0,0
12706,0,0,0,0,0,0,0,0
12715,0,0,0,0,0,0,0,0
12725,0,0,0,0,0,0,0,0
12734,0,0,0,0,0,0,0,0
12744,0,0,0,0,0,0,0,0
12753,0,0,0,0,0,0,0,0
12762,0,0,0,0,0,0,0,0
12771,0,0,0,0,0,0,0,0
12780,0,0,0,0,0,0,0,0
12791,0,0,0,0,0,0,0,0
12800,0,0,0,0,0,0,0,0
12809,0,0,0,0,0,0,0,0
12818,0,0,0,0,0,0,0,0
12828,0,0,0,0,0,0,0,0
12837,0,0,0,0,0,0,0,0
12846,0,0,0,0,0,0,0,0
12856,0,0,0,0,0,0,0,0
12865,0,0,0,0,0,0,0,0
12875,0,0,0,0,0,0,0,0
12884,0,0,0,0,0,0,0,0
12893,0,0,0,0,0,0,0,0
12902,0,0,0,0,0,0,0,0
12911,0,0,0,0,0,0,0,0
12922,0,0,0,0,0,0,0,0
12931,0,0,0,0,0,0,0,0
12940,0,0,0,0,0,0,0,0
12949,0,0,0,0,0,0,0,0
12959,0,0,0,0,0,0,0,0
12968,0,0,0,0,0,0,0,0
12977,0,0,0,0,0,0,0,0
12987,0,0,0,0,0,0,0,0
12996,0,0,0,0,0,0,0,0
13006,0,0,0,0,0,0,0,0
13015,0,0,0,0,0,0,0,0
13024,0,0,0,0,0,0,0,0
13033,0,0,0,0,0,0,0,0
13043,0,0,0,0,0,0,0,0
13053,0,0,0,0,0,0,0,0
13062,0,0,0,0,0,0,0,0
13071,0,0,0,0,0,0,0,0
13080,0,0,0,0,0,0,0,0
13090,0,0,0,0,0,0,0,0
13099,0,0,0,0,0,0,0,0
13108,0,0,0,0,0,0,0,0
13117,0,0,0,0,0,0,0,0
13128,0,0,0,0,0,0,0,0
13137,0,0,0,0,0,0,0,0
13146,0,0,0,0,0,0,0,0
13155,0,0,0,0,0,0,0,0
13164,0,0,0,0,0,0,0,0
13174,0,0,0,0,0,0,0,0
13183,0,0,0,0,0,0,0,0
13193,0,0,0,0,0,0,0,0
13202,0,0,0,0,0,0,0,0
13212,0,0,0,0,0,0,0,0
13221,0,0,0,0,0,0,0,0
13230,0,0,0,0,0,0,0,0
13239,0,0,0,0,0,0,0,0
13248,0,0,0,0,0,0,0,0
13259,0,0,0,0,0,0,0,0
13268,0,0,0,0,0,0,0,0
13277,0,0,0,0,0,0,0,0
13286,0,0,0,0,0,0,0,0
13295,0,0,0,0,0,0,0,0
13305,0,0,0,0,0,0,0,0
13314,0,0,0,0,0,0,0,0
13324,0,0,0,0,0,0,0,0
13333,0,0,0,0,0,0,0,0
13343,0,0,0,0,0,0,0,0
13352,0,0,0,0,0,0,0,0
13361,0,0,0,0,0,0,0,0
13370,0,0,0,0,0,0,0,0
13379,0,0,0,0,0,0,0,0
13390,0,0,0,0,0,0,0,0
13399,0,0,0,0,0,0,0,0
13408,0,0,0,0,0,0,0,0
13417,0,0,0,0,0,0,0,0
13427,0,0,0,0,0,0,0,0
13436,0,0,0,0,0,0,0,0
13445,0,0,0,0,0,0,0,0
13455,0,0,0,0,0,0,0,0
13464,0,0,0,0,0,0,0,0
13474,0,0,0,0,0,0,0,0
13483,0,0,0,0,0,0,0,0
13492,0,0,0,0,0,0,0,0
13501,0,0,0,0,0,0,0,0
13511,0,0,0,0,0,0,0,0
13521,0,0,0,0,0,0,0,0
13530,0,0,0,0,0,0,0,0
13539,0,0,0,0,0,0,0,0
13548,0,0,0,0,0,0,0,0
13558,0,0,0,0,0,0,0,0
13567,0,0,0,0,0,0,0,0
13576,0,0,0,0,0,0,0,0
13586,0,0,0,0,0,0,0,0
13596,0,0,0,0,0,0,0,0
13605,0,0,0,0,0,0,0,0
13614,0,0,0,0,0,0,0,0
13623,0,0,0,0,0,0,0,0
13632,0,0,0,0,0,0,0,0
13642,0,0,0,0,0,0,0,0
13652,0,0,0,0,0,0,0,0
13661,0,0,0,0,0,0,0,0
13670,0,0,0,0,0,0,0,0
13679,0,0,0,0,0,0,0,0
13689,0,0,0,0,0,0,0,0
13698,0,0,0,0,0,0,0,0
13707,0,0,0,0,0,0,0,0
13716,0,0,0,0,0,0,0,0
13727,0,0,0,0,0,0,0,0
13736,0,0,0,0,0,0,0,0
13745,0,0,0,0,0,0,0,0
13754,0,0,0,0,0,0,0,0
13763,0,0,0,0,0,0,0,0
13773,0,0,0,0,0,0,0,0
13782,0,0,0,0,0,0,0,0
13792,0,0,0,0,0,0,0,0
13801,0,0,0,0,0,0,0,0
13811,0,0,0,0,0,0,0,0
